and-true-left,mc,io,2,1,37,false
and-true-left,mc,io,1,1,692,false
and-true-left,mc,io,3,1,333,false
and-true-left,mc,io,5,1,503,false
and-true-left,mc,io,4,1,742,false
and-true-left,mc,fuzz,1,1,5893,false
and-true-left,mc,fuzz,5,1,16419,false
and-true-left,mc,fuzz,2,1,18481,false
and-true-left,mc,fuzz,4,1,19669,false
and-true-left,mc,fuzz,3,1,20084,false
and-true-left,mcv,io,2,0,,
and-true-left,mcv,io,1,0,,
and-true-left,mcv,io,3,0,,
and-true-left,mcv,io,4,0,,
and-true-left,mcv,io,5,0,,
or-false-left,mc,io,1,1,436,false
or-false-left,mc,io,2,1,535,false
or-false-left,mc,io,3,1,1,false
or-false-left,mc,io,4,1,565,false
or-false-left,mc,io,5,1,913,false
or-false-left,mc,fuzz,1,1,26725,false
or-false-left,mc,fuzz,2,1,20555,false
or-false-left,mc,fuzz,3,1,24066,false
or-false-left,mc,fuzz,4,1,35394,false
or-false-left,mc,fuzz,5,1,33046,false
or-false-left,mcv,io,1,0,,
or-false-left,mcv,io,2,0,,
or-false-left,mcv,io,3,0,,
or-false-left,mcv,io,4,0,,
or-false-left,mcv,io,5,0,,
and-true-left,mcv,fuzz,1,0,,
and-true-left,mcv,fuzz,4,0,,
and-true-left,mcv,fuzz,5,0,,
and-true-left,mcv,fuzz,2,0,,
and-true-left,mcv,fuzz,3,0,,
not-not,mc,io,1,1,149,false
not-not,mc,io,2,1,8516,false
not-not,mc,io,3,1,14663,false
not-not,mc,io,4,1,15703,false
not-not,mc,io,5,1,7313,false
not-not,mc,fuzz,1,1,24448,false
not-not,mc,fuzz,2,1,14134,false
not-not,mc,fuzz,3,1,20434,false
not-not,mc,fuzz,4,1,37177,false
not-not,mc,fuzz,5,1,30336,false
not-not,mcv,io,1,0,,
not-not,mcv,io,2,0,,
not-not,mcv,io,3,0,,
not-not,mcv,io,4,0,,
or-false-left,mcv,fuzz,2,0,,
not-not,mcv,io,5,0,,
or-false-left,mcv,fuzz,3,0,,
or-false-left,mcv,fuzz,1,0,,
or-false-left,mcv,fuzz,4,0,,
or-false-left,mcv,fuzz,5,0,,
ite-bool-id,mc,io,1,1,5641,false
ite-bool-id,mc,io,2,1,15865,false
ite-bool-id,mc,io,3,1,5959,false
ite-bool-id,mc,io,4,1,796,false
ite-bool-id,mc,io,5,1,16677,false
ite-bool-id,mc,fuzz,1,1,56270,false
ite-bool-id,mc,fuzz,2,1,52431,false
ite-bool-id,mc,fuzz,3,1,81248,false
ite-bool-id,mc,fuzz,4,1,28977,false
ite-bool-id,mc,fuzz,5,1,86709,false
ite-bool-id,mcv,io,1,0,,
ite-bool-id,mcv,io,2,0,,
ite-bool-id,mcv,io,3,0,,
ite-bool-id,mcv,io,4,0,,
not-not,mcv,fuzz,1,0,,
not-not,mcv,fuzz,4,0,,
not-not,mcv,fuzz,3,0,,
not-not,mcv,fuzz,2,0,,
ite-bool-id,mcv,io,5,0,,
not-not,mcv,fuzz,5,0,,
add-zero,mc,io,1,1,1151,false
add-zero,mc,io,2,1,1421,false
add-zero,mc,io,3,1,14273,false
add-zero,mc,io,4,1,17087,false
add-zero,mc,io,5,1,16726,false
add-zero,mc,fuzz,1,1,157084,false
add-zero,mc,fuzz,2,1,87450,false
add-zero,mc,fuzz,3,1,105822,false
add-zero,mc,fuzz,4,1,100965,false
add-zero,mc,fuzz,5,1,98894,false
add-zero,mcv,io,1,0,,
add-zero,mcv,io,2,0,,
add-zero,mcv,io,3,0,,
add-zero,mcv,io,4,0,,
ite-bool-id,mcv,fuzz,2,0,,
ite-bool-id,mcv,fuzz,1,0,,
ite-bool-id,mcv,fuzz,3,0,,
add-zero,mcv,io,5,0,,
ite-bool-id,mcv,fuzz,5,0,,
ite-bool-id,mcv,fuzz,4,0,,
and-true-right,mc,io,1,1,157,false
and-true-right,mc,io,2,1,416,false
and-true-right,mc,io,3,1,1640,false
and-true-right,mc,io,4,1,891,false
and-true-right,mc,io,5,1,571,false
and-true-right,mc,fuzz,1,1,2575,false
and-true-right,mc,fuzz,2,1,2079,false
and-true-right,mc,fuzz,3,1,6412,false
and-true-right,mc,fuzz,4,1,1867,false
and-true-right,mc,fuzz,5,1,2965,false
and-true-right,mcv,io,1,0,,
and-true-right,mcv,io,2,0,,
and-true-right,mcv,io,3,0,,
and-true-right,mcv,io,4,0,,
add-zero,mcv,fuzz,1,0,,
add-zero,mcv,fuzz,2,0,,
and-true-right,mcv,io,5,0,,
add-zero,mcv,fuzz,3,0,,
add-zero,mcv,fuzz,4,0,,
add-zero,mcv,fuzz,5,0,,
mul-zero,mc,io,1,1,4131,false
mul-zero,mc,io,2,1,6968,false
mul-zero,mc,io,3,1,6428,false
mul-zero,mc,io,4,1,14004,false
mul-zero,mc,io,5,1,5228,false
mul-zero,mc,fuzz,1,1,43380,false
mul-zero,mc,fuzz,2,1,26894,false
mul-zero,mc,fuzz,3,1,60453,false
mul-zero,mc,fuzz,4,1,47085,false
mul-zero,mc,fuzz,5,1,47222,false
mul-zero,mcv,io,1,1,153229,true
mul-zero,mcv,io,2,1,32644,true
mul-zero,mcv,io,3,1,1757,true
mul-zero,mcv,io,4,1,40478,true
mul-zero,mcv,io,5,1,36756,true
mul-zero,mcv,fuzz,1,1,68119,true
mul-zero,mcv,fuzz,2,1,47523,true
mul-zero,mcv,fuzz,3,1,51771,true
mul-zero,mcv,fuzz,4,1,64340,true
mul-zero,mcv,fuzz,5,1,33596,true
eq-refl,mc,io,1,0,,
eq-refl,mc,io,2,1,854600,false
and-true-right,mcv,fuzz,1,0,,
and-true-right,mcv,fuzz,3,0,,
eq-refl,mc,io,3,0,,
eq-refl,mc,fuzz,1,1,61948,false
and-true-right,mcv,fuzz,2,0,,
eq-refl,mc,fuzz,3,1,86479,false
eq-refl,mc,fuzz,4,1,134921,false
and-true-right,mcv,fuzz,4,0,,
eq-refl,mc,fuzz,2,1,268295,false
and-true-right,mcv,fuzz,5,0,,
eq-refl,mcv,io,3,1,85919,true
eq-refl,mcv,io,2,1,132914,true
eq-refl,mc,io,4,0,,
eq-refl,mcv,fuzz,1,1,102495,true
eq-refl,mc,io,5,0,,
eq-refl,mcv,io,5,1,309320,true
eq-refl,mcv,fuzz,3,1,51176,true
eq-refl,mcv,fuzz,4,1,181232,true
ite-same,mc,io,1,1,1400,false
ite-same,mc,io,2,1,1484,false
ite-same,mc,io,3,1,1791,false
ite-same,mc,io,4,1,1328,false
ite-same,mc,io,5,1,3354,false
ite-same,mc,fuzz,1,1,2616,false
eq-refl,mcv,fuzz,5,1,185479,true
ite-same,mc,fuzz,2,1,2543,false
eq-refl,mcv,io,1,1,979876,true
ite-same,mc,fuzz,4,1,2853,false
ite-same,mc,fuzz,3,1,6813,false
ite-same,mcv,io,2,1,329,true
ite-same,mc,fuzz,5,1,2788,false
ite-same,mcv,io,1,1,3534,true
ite-same,mcv,io,5,1,387,true
ite-same,mcv,io,3,1,3235,true
ite-same,mcv,io,4,1,3621,true
ite-same,mcv,fuzz,2,1,3514,true
ite-same,mcv,fuzz,3,1,4617,true
ite-same,mcv,fuzz,1,1,8655,true
and-false-right,mc,io,1,1,7,false
and-false-right,mc,io,2,1,249,false
and-false-right,mc,io,3,1,408,false
ite-same,mcv,fuzz,4,1,8547,true
ite-same,mcv,fuzz,5,1,9268,true
and-false-right,mc,io,4,1,774,false
and-false-right,mc,io,5,1,184,false
and-false-right,mc,fuzz,2,1,19298,false
and-false-right,mc,fuzz,1,1,19331,false
and-false-right,mc,fuzz,3,1,21586,false
and-false-right,mcv,io,1,1,11086,true
and-false-right,mcv,io,2,1,4484,true
and-false-right,mcv,io,3,1,3230,true
and-false-right,mc,fuzz,4,1,22304,false
and-false-right,mc,fuzz,5,1,21695,false
and-false-right,mcv,io,4,1,9138,true
and-false-right,mcv,io,5,1,6882,true
and-false-right,mcv,fuzz,1,1,28180,true
and-false-right,mcv,fuzz,3,1,29010,true
and-false-right,mcv,fuzz,2,1,41574,true
and-false-right,mcv,fuzz,4,1,22755,true
sub-self,mc,io,1,1,7395,false
sub-self,mc,io,2,1,903,false
sub-self,mc,io,3,1,1303,false
and-false-right,mcv,fuzz,5,1,22630,true
sub-self,mc,io,4,1,5913,false
sub-self,mc,fuzz,1,1,2769,false
sub-self,mc,fuzz,2,1,2539,false
sub-self,mc,fuzz,4,1,2686,false
sub-self,mc,io,5,1,13503,false
sub-self,mc,fuzz,3,1,11378,false
sub-self,mc,fuzz,5,1,9185,false
eq-refl,mcv,io,4,0,,
eq-refl,mcv,fuzz,2,1,344436,true
sub-self,mcv,io,1,1,291066,true
sub-self,mcv,fuzz,1,1,89910,true
sub-self,mcv,io,3,1,689867,true
sub-self,mcv,fuzz,3,1,145404,true
sub-self,mcv,io,2,0,,
sub-self,mcv,io,4,0,,
record-access,mc,io,1,1,5400,false
record-access,mc,io,2,1,5566,false
record-access,mc,io,3,1,10432,false
record-access,mc,io,4,1,13507,false
record-access,mc,io,5,1,194,false
record-access,mc,fuzz,1,1,25937,true
record-access,mc,fuzz,2,1,32226,false
record-access,mc,fuzz,3,1,55470,false
sub-self,mcv,fuzz,4,1,147774,true
sub-self,mcv,io,5,0,,
record-access,mcv,io,1,1,80,true
record-access,mcv,io,2,1,817,true
record-access,mcv,io,3,1,296,true
record-access,mcv,io,4,1,1439,true
record-access,mcv,io,5,1,71,true
record-access,mc,fuzz,4,1,33590,false
record-access,mcv,fuzz,1,1,18897,true
record-access,mc,fuzz,5,1,32301,false
record-access,mcv,fuzz,3,1,13873,true
record-access,mcv,fuzz,4,1,16906,true
and-commute,mc,io,1,1,457,false
and-commute,mc,io,2,1,209,false
record-access,mcv,fuzz,5,1,9659,true
and-commute,mc,io,3,1,171,false
and-commute,mc,io,5,1,28,false
and-commute,mc,io,4,1,516,false
record-access,mcv,fuzz,2,1,30128,true
and-commute,mc,fuzz,1,1,14093,false
and-commute,mc,fuzz,3,1,23911,false
and-commute,mc,fuzz,2,1,33098,false
and-commute,mcv,io,1,1,424,true
and-commute,mcv,io,2,1,3064,true
and-commute,mc,fuzz,4,1,28206,false
and-commute,mcv,io,3,1,6623,true
and-commute,mcv,io,4,1,678,true
and-commute,mcv,io,5,1,8326,true
and-commute,mc,fuzz,5,1,25822,false
and-commute,mcv,fuzz,1,1,11085,true
and-commute,mcv,fuzz,4,1,25276,true
and-commute,mcv,fuzz,2,1,37325,true
neg-neg,mc,io,1,1,5337,false
neg-neg,mc,io,2,1,6501,false
and-commute,mcv,fuzz,5,1,19244,true
and-commute,mcv,fuzz,3,1,50912,true
neg-neg,mc,io,4,1,1065,false
neg-neg,mc,io,3,1,4992,false
neg-neg,mc,io,5,1,3101,false
neg-neg,mc,fuzz,3,1,34076,false
neg-neg,mc,fuzz,2,1,40459,false
neg-neg,mc,fuzz,5,1,9789,false
neg-neg,mc,fuzz,1,1,55989,false
neg-neg,mc,fuzz,4,1,31227,false
neg-neg,mcv,io,2,1,48970,true
neg-neg,mcv,io,3,1,65034,true
eq-refl,mc,fuzz,5,1,731694,false
neg-neg,mcv,io,5,1,110691,true
sub-self,mcv,fuzz,2,1,419762,true
neg-neg,mcv,fuzz,2,1,42285,true
neg-neg,mcv,io,1,1,273493,true
neg-neg,mcv,io,4,1,273677,true
neg-neg,mcv,fuzz,1,1,120993,true
neg-neg,mcv,fuzz,4,1,84207,true
neg-neg,mcv,fuzz,3,1,108595,true
record-last,mc,io,4,1,94779,true
record-last,mc,io,5,1,94977,true
sub-self,mcv,fuzz,5,1,400682,true
record-last,mc,fuzz,2,1,27740,true
record-last,mc,fuzz,3,1,73736,true
record-last,mc,io,1,1,460062,true
record-last,mc,fuzz,4,1,60169,true
record-last,mc,fuzz,5,1,28332,true
record-last,mcv,io,1,1,162,true
record-last,mcv,io,2,1,393,true
record-last,mcv,io,3,1,16,true
record-last,mcv,io,4,1,2,true
record-last,mcv,io,5,1,32,true
record-last,mcv,fuzz,1,1,16180,true
record-last,mcv,fuzz,2,1,19949,true
record-last,mcv,fuzz,4,1,11358,true
record-last,mcv,fuzz,3,1,26367,true
record-last,mcv,fuzz,5,1,15017,true
eq-commute,mc,io,2,1,1374,false
eq-commute,mc,io,1,1,12180,false
eq-commute,mc,io,3,1,831,false
eq-commute,mc,io,4,1,1134,false
eq-commute,mc,io,5,1,212,false
eq-commute,mc,fuzz,1,1,85151,false
eq-commute,mc,fuzz,2,1,113237,false
neg-neg,mcv,fuzz,5,1,350611,true
eq-commute,mc,fuzz,3,1,55883,false
record-last,mc,fuzz,1,1,295872,false
eq-commute,mc,fuzz,5,1,48474,false
eq-commute,mc,fuzz,4,1,81139,false
eq-commute,mcv,io,2,1,51331,true
eq-commute,mcv,io,4,1,240503,true
record-last,mc,io,2,0,,
record-last,mc,io,3,0,,
eq-commute,mcv,io,1,1,545432,true
eq-commute,mcv,io,3,1,559418,true
eq-commute,mcv,fuzz,4,1,202388,true
add-commute,mc,io,1,1,6018,false
add-commute,mc,io,2,1,762,false
add-commute,mc,io,3,1,1046,false
add-commute,mc,io,4,1,2105,false
add-commute,mc,io,5,1,8612,false
eq-commute,mcv,io,5,0,,
eq-commute,mcv,fuzz,1,1,304691,true
add-commute,mc,fuzz,3,1,58056,false
add-commute,mc,fuzz,1,1,122872,false
add-commute,mc,fuzz,2,1,143203,false
eq-commute,mcv,fuzz,5,1,292155,true
add-commute,mc,fuzz,4,1,115723,false
add-commute,mcv,io,2,1,21946,true
eq-commute,mcv,fuzz,3,1,354790,true
add-commute,mc,fuzz,5,1,111923,false
add-commute,mcv,io,1,1,126263,true
add-commute,mcv,fuzz,1,1,55247,true
add-commute,mcv,io,5,1,147108,true
add-commute,mcv,io,3,1,194587,true
add-commute,mcv,fuzz,2,1,83531,true
add-commute,mcv,fuzz,5,1,80847,true
add-commute,mcv,fuzz,4,1,137546,true
add-commute,mcv,fuzz,3,1,217237,true
add-commute,mcv,io,4,0,,
eq-commute,mcv,fuzz,2,0,,
